102;6;Luxury Builders;Kamera;Kamera;Vilagitas;Multimedia;;
151;13;Eco Homes;Homerseklet;HaztartasiGepek;Energiarendszer;Kamera;Kamera;Kamera
192;3;Budget Construction;Kamera;Vilagitas;HaztartasiGepek;;;
12;12;Modern Living;Homerseklet;Kamera;Vilagitas;;;
173;2;Eco Homes;Energiarendszer;Homerseklet;;;;
143;8;Budget Construction;Kamera;Vilagitas;HaztartasiGepek;;;
64;3;Luxury Builders;Vilagitas;Energiarendszer;Homerseklet;;;
187;0;Eco Homes;Energiarendszer;Homerseklet;;;;
192;13;Budget Construction;Vilagitas;Kamera;Vilagitas;HaztartasiGepek;Kamera;
114;6;Modern Living;Vilagitas;Homerseklet;;;;
181;8;Eco Homes;Homerseklet;Kamera;Vilagitas;;;
182;12;Budget Construction;Vilagitas;Homerseklet;;;;
158;11;Modern Living;Energiarendszer;Kamera;Vilagitas;HaztartasiGepek;;
76;8;Eco Homes;Kamera;Vilagitas;Homerseklet;Kamera;;
223;6;Eco Homes;Vilagitas;Homerseklet;;;;
112;13;Budget Construction;Kamera;Vilagitas;Vilagitas;;;
174;4;Luxury Builders;Energiarendszer;Homerseklet;Kamera;Vilagitas;Kamera;
24;5;Eco Homes;HaztartasiGepek;Kamera;Vilagitas;;;
192;3;Budget Construction;Homerseklet;Energiarendszer;Vilagitas;;;
135;2;Modern Living;HaztartasiGepek;Energiarendszer;Kamera;Vilagitas;Kamera;Kamera
186;13;Eco Homes;Homerseklet;Energiarendszer;;;;
60;10;Eco Homes;HaztartasiGepek;Kamera;Energiarendszer;Kamera;;
78;12;Budget Construction;Homerseklet;Multimedia;;;;
128;3;Luxury Builders;Kamera;Vilagitas;;;;
217;0;Eco Homes;Homerseklet;Energiarendszer;;;;
114;4;Budget Construction;Homerseklet;Kamera;;;;
103;11;Modern Living;Energiarendszer;Kamera;Vilagitas;;;
156;11;Eco Homes;Homerseklet;Kamera;Kamera;Homerseklet;;
204;9;Budget Construction;Energiarendszer;Homerseklet;;;;
144;5;Modern Living;Energiarendszer;;;;;
