Author;Title;Price;Genre;Ebook;DateTime
Cixin Liu;The Threebody Problem;2990;mese;false;2021.11.11
Arkagyij Sztugackij;Hotel to the Dead Alpinist;3990;regény;false;2021.11.11
Cixin Liu;The Death's End;2590;külföldi;false;2021.12.12.
Ken Liu;The Paper Menagerie and Other Stories;4590;mese;false;2021.11.11
Ken Liu;The Paper Menagerie and Other Stories;2890;mese;false;2021.11.11
Borisz Sztugackij;STALKER;3590;mese;false;2021.11.11
Ken Liu;Invisible Planets;1790;mese;false;2021.11.11
Dan Simmons;Hyperion;2590;mese;false;2021.11.11
Dan Simmons;Hyperion;3990;mese;false;2021.11.11
Cixin Liu;The Dark Forest;3990;mese;false;2021.11.11
Dan Simmons;The Fall of Hyperion;4590;külföldi;false;2021.11.11
Frank Herbert;Dune;4390;mese;false;2021.11.11
Dan Simmons;Rise of Endymion;2590;mese;false;2021.11.11
Richard A. Knaak;Deathwing;2890;mese;false;2021.11.11
Ken Liu;The Gods Cannot be Killed;3490;mese;false;2021.11.11
Dan Simmons;Endymion;2590;mese;false;2021.11.11
Borisz Sztugackij;1000000000 years before the end;5290;mese;false;2021.11.11
George Martin;Nightflyers;2990;mese;false;2021.11.11
Cixin Liu;The Threebody Problem;2990;mese;false;2021.11.11
Arkagyij Sztugackij;Hotel to the Dead Alpinist;3990;regény;false;2021.11.11
Cixin Liu;The Death's End;2590;külföldi;false;2021.12.12.
Ken Liu;The Paper Menagerie and Other Stories;4590;mese;false;2021.11.11
Ken Liu;The Paper Menagerie and Other Stories;2890;mese;false;2021.11.11
Borisz Sztugackij;STALKER;3590;mese;false;2021.11.11
Ken Liu;Invisible Planets;1790;mese;false;2021.11.11
Dan Simmons;Hyperion;2590;mese;false;2021.11.11
Dan Simmons;Hyperion;3990;mese;false;2021.11.11
Cixin Liu;The Dark Forest;3990;mese;false;2021.11.11
Dan Simmons;The Fall of Hyperion;4590;külföldi;false;2021.11.11
Frank Herbert;Dune;4390;mese;false;2021.11.11
Dan Simmons;Rise of Endymion;2590;mese;false;2021.11.11
Richard A. Knaak;Deathwing;2890;mese;false;2021.11.11
Ken Liu;The Gods Cannot be Killed;3490;mese;false;2021.11.11
Dan Simmons;Endymion;2590;mese;false;2021.11.11
Borisz Sztugackij;1000000000 years before the end;5290;mese;false;2021.11.11
George Martin;Nightflyers;2990;mese;false;2021.11.11
Cixin Liu;The Threebody Problem;2990;mese;false;2021.11.11
Arkagyij Sztugackij;Hotel to the Dead Alpinist;3990;regény;false;2021.11.11
Cixin Liu;The Death's End;2590;külföldi;false;2021.12.12.
Ken Liu;The Paper Menagerie and Other Stories;4590;mese;false;2021.11.11
Ken Liu;The Paper Menagerie and Other Stories;2890;mese;false;2021.11.11
Borisz Sztugackij;STALKER;3590;mese;false;2021.11.11
Ken Liu;Invisible Planets;1790;mese;false;2021.11.11
Dan Simmons;Hyperion;2590;mese;false;2021.11.11
Dan Simmons;Hyperion;3990;mese;false;2021.11.11
Cixin Liu;The Dark Forest;3990;mese;false;2021.11.11
Dan Simmons;The Fall of Hyperion;4590;külföldi;false;2021.11.11
Frank Herbert;Dune;4390;mese;false;2021.11.11
Dan Simmons;Rise of Endymion;2590;mese;false;2021.11.11
Richard A. Knaak;Deathwing;2890;mese;false;2021.11.11
Ken Liu;The Gods Cannot be Killed;3490;mese;false;2021.11.11
Dan Simmons;Endymion;2590;mese;false;2021.11.11
Borisz Sztugackij;1000000000 years before the end;5290;mese;false;2021.11.11
George Martin;Nightflyers;2990;mese;false;2021.11.11
Cixin Liu;The Threebody Problem;2990;mese;false;2021.11.11
Arkagyij Sztugackij;Hotel to the Dead Alpinist;3990;regény;false;2021.11.11
Cixin Liu;The Death's End;2590;külföldi;false;2021.12.12.
Ken Liu;The Paper Menagerie and Other Stories;4590;mese;false;2021.11.11
Ken Liu;The Paper Menagerie and Other Stories;2890;mese;false;2021.11.11
Borisz Sztugackij;STALKER;3590;mese;false;2021.11.11
Ken Liu;Invisible Planets;1790;mese;false;2021.11.11
Dan Simmons;Hyperion;2590;mese;false;2021.11.11
Dan Simmons;Hyperion;3990;mese;false;2021.11.11
Cixin Liu;The Dark Forest;3990;mese;false;2021.11.11
Dan Simmons;The Fall of Hyperion;4590;külföldi;false;2021.11.11
Frank Herbert;Dune;4390;mese;false;2021.11.11
Dan Simmons;Rise of Endymion;2590;mese;false;2021.11.11
Richard A. Knaak;Deathwing;2890;mese;false;2021.11.11
Ken Liu;The Gods Cannot be Killed;3490;mese;false;2021.11.11
Dan Simmons;Endymion;2590;mese;false;2021.11.11
Borisz Sztugackij;1000000000 years before the end;5290;mese;false;2021.11.11
George Martin;Nightflyers;2990;mese;false;2021.11.11
Cixin Liu;The Threebody Problem;2990;mese;false;2021.11.11
Arkagyij Sztugackij;Hotel to the Dead Alpinist;3990;regény;false;2021.11.11
Cixin Liu;The Death's End;2590;külföldi;false;2021.12.12.
Ken Liu;The Paper Menagerie and Other Stories;4590;mese;false;2021.11.11
Ken Liu;The Paper Menagerie and Other Stories;2890;mese;false;2021.11.11
Borisz Sztugackij;STALKER;3590;mese;false;2021.11.11
Ken Liu;Invisible Planets;1790;mese;false;2021.11.11
Dan Simmons;Hyperion;2590;mese;false;2021.11.11
Dan Simmons;Hyperion;3990;mese;false;2021.11.11
Cixin Liu;The Dark Forest;3990;mese;false;2021.11.11
Dan Simmons;The Fall of Hyperion;4590;külföldi;false;2021.11.11
Frank Herbert;Dune;4390;mese;false;2021.11.11
Dan Simmons;Rise of Endymion;2590;mese;false;2021.11.11
Richard A. Knaak;Deathwing;2890;mese;false;2021.11.11
Ken Liu;The Gods Cannot be Killed;3490;mese;false;2021.11.11
Dan Simmons;Endymion;2590;mese;false;2021.11.11
Borisz Sztugackij;1000000000 years before the end;5290;mese;false;2021.11.11
George Martin;Nightflyers;2990;mese;false;2021.11.11
Cixin Liu;The Threebody Problem;2990;mese;false;2021.11.11
Arkagyij Sztugackij;Hotel to the Dead Alpinist;3990;regény;false;2021.11.11
Cixin Liu;The Death's End;2590;külföldi;false;2021.12.12.
Ken Liu;The Paper Menagerie and Other Stories;4590;mese;false;2021.11.11
Ken Liu;The Paper Menagerie and Other Stories;2890;mese;false;2021.11.11
Borisz Sztugackij;STALKER;3590;mese;false;2021.11.11
Ken Liu;Invisible Planets;1790;mese;false;2021.11.11
Dan Simmons;Hyperion;2590;mese;false;2021.11.11
Dan Simmons;Hyperion;3990;mese;false;2021.11.11
Cixin Liu;The Dark Forest;3990;mese;false;2021.11.11
Dan Simmons;The Fall of Hyperion;4590;külföldi;false;2021.11.11
Frank Herbert;Dune;4390;mese;false;2021.11.11
Dan Simmons;Rise of Endymion;2590;mese;false;2021.11.11
Richard A. Knaak;Deathwing;2890;mese;false;2021.11.11
Ken Liu;The Gods Cannot be Killed;3490;mese;false;2021.11.11
Dan Simmons;Endymion;2590;mese;false;2021.11.11
Borisz Sztugackij;1000000000 years before the end;5290;mese;false;2021.11.11
George Martin;Nightflyers;2990;mese;false;2021.11.11
Cixin Liu;The Threebody Problem;2990;mese;false;2021.11.11
Arkagyij Sztugackij;Hotel to the Dead Alpinist;3990;regény;false;2021.11.11
Cixin Liu;The Death's End;2590;külföldi;false;2021.12.12.
Ken Liu;The Paper Menagerie and Other Stories;4590;mese;false;2021.11.11
Ken Liu;The Paper Menagerie and Other Stories;2890;mese;false;2021.11.11
Borisz Sztugackij;STALKER;3590;mese;false;2021.11.11
Ken Liu;Invisible Planets;1790;mese;false;2021.11.11
Dan Simmons;Hyperion;2590;mese;false;2021.11.11
Dan Simmons;Hyperion;3990;mese;false;2021.11.11
Cixin Liu;The Dark Forest;3990;mese;false;2021.11.11
Dan Simmons;The Fall of Hyperion;4590;külföldi;false;2021.11.11
Frank Herbert;Dune;4390;mese;false;2021.11.11
Dan Simmons;Rise of Endymion;2590;mese;false;2021.11.11
Richard A. Knaak;Deathwing;2890;mese;false;2021.11.11
Ken Liu;The Gods Cannot be Killed;3490;mese;false;2021.11.11
Dan Simmons;Endymion;2590;mese;false;2021.11.11
Borisz Sztugackij;1000000000 years before the end;5290;mese;false;2021.11.11
George Martin;Nightflyers;2990;mese;false;2021.11.11
Cixin Liu;The Threebody Problem;2990;mese;false;2021.11.11
Arkagyij Sztugackij;Hotel to the Dead Alpinist;3990;regény;false;2021.11.11
Cixin Liu;The Death's End;2590;külföldi;false;2021.12.12.
Ken Liu;The Paper Menagerie and Other Stories;4590;mese;false;2021.11.11
Ken Liu;The Paper Menagerie and Other Stories;2890;mese;false;2021.11.11
Borisz Sztugackij;STALKER;3590;mese;false;2021.11.11
Ken Liu;Invisible Planets;1790;mese;false;2021.11.11
Dan Simmons;Hyperion;2590;mese;false;2021.11.11
Dan Simmons;Hyperion;3990;mese;false;2021.11.11
Cixin Liu;The Dark Forest;3990;mese;false;2021.11.11
Dan Simmons;The Fall of Hyperion;4590;külföldi;false;2021.11.11
Frank Herbert;Dune;4390;mese;false;2021.11.11
Dan Simmons;Rise of Endymion;2590;mese;false;2021.11.11
Richard A. Knaak;Deathwing;2890;mese;false;2021.11.11
Ken Liu;The Gods Cannot be Killed;3490;mese;false;2021.11.11
Dan Simmons;Endymion;2590;mese;false;2021.11.11
Borisz Sztugackij;1000000000 years before the end;5290;mese;false;2021.11.11
George Martin;Nightflyers;2990;mese;false;2021.11.11
Cixin Liu;The Threebody Problem;2990;mese;false;2021.11.11
Arkagyij Sztugackij;Hotel to the Dead Alpinist;3990;regény;false;2021.11.11
Cixin Liu;The Death's End;2590;külföldi;false;2021.12.12.
Ken Liu;The Paper Menagerie and Other Stories;4590;mese;false;2021.11.11
Ken Liu;The Paper Menagerie and Other Stories;2890;mese;false;2021.11.11
Borisz Sztugackij;STALKER;3590;mese;false;2021.11.11
Ken Liu;Invisible Planets;1790;mese;false;2021.11.11
Dan Simmons;Hyperion;2590;mese;false;2021.11.11
Dan Simmons;Hyperion;3990;mese;false;2021.11.11
Cixin Liu;The Dark Forest;3990;mese;false;2021.11.11
Dan Simmons;The Fall of Hyperion;4590;külföldi;false;2021.11.11
Frank Herbert;Dune;4390;mese;false;2021.11.11
Dan Simmons;Rise of Endymion;2590;mese;false;2021.11.11
Richard A. Knaak;Deathwing;2890;mese;false;2021.11.11
Ken Liu;The Gods Cannot be Killed;3490;mese;false;2021.11.11
Dan Simmons;Endymion;2590;mese;false;2021.11.11
Borisz Sztugackij;1000000000 years before the end;5290;mese;false;2021.11.11
George Martin;Nightflyers;2990;mese;false;2021.11.11
Cixin Liu;The Threebody Problem;2990;mese;false;2021.11.11
Arkagyij Sztugackij;Hotel to the Dead Alpinist;3990;regény;false;2021.11.11
Cixin Liu;The Death's End;2590;külföldi;false;2021.12.12.
Ken Liu;The Paper Menagerie and Other Stories;4590;mese;false;2021.11.11
Ken Liu;The Paper Menagerie and Other Stories;2890;mese;false;2021.11.11
Borisz Sztugackij;STALKER;3590;mese;false;2021.11.11
Ken Liu;Invisible Planets;1790;mese;false;2021.11.11
Dan Simmons;Hyperion;2590;mese;false;2021.11.11
Dan Simmons;Hyperion;3990;mese;false;2021.11.11
Cixin Liu;The Dark Forest;3990;mese;false;2021.11.11
Dan Simmons;The Fall of Hyperion;4590;külföldi;false;2021.11.11
Frank Herbert;Dune;4390;mese;false;2021.11.11
Dan Simmons;Rise of Endymion;2590;mese;false;2021.11.11
Richard A. Knaak;Deathwing;2890;mese;false;2021.11.11
Ken Liu;The Gods Cannot be Killed;3490;mese;false;2021.11.11
Dan Simmons;Endymion;2590;mese;false;2021.11.11
Borisz Sztugackij;1000000000 years before the end;5290;mese;false;2021.11.11
George Martin;Nightflyers;2990;mese;false;2021.11.11
Cixin Liu;The Threebody Problem;2990;mese;false;2021.11.11
Arkagyij Sztugackij;Hotel to the Dead Alpinist;3990;regény;false;2021.11.11
Cixin Liu;The Death's End;2590;külföldi;false;2021.12.12.
Ken Liu;The Paper Menagerie and Other Stories;4590;mese;false;2021.11.11
Ken Liu;The Paper Menagerie and Other Stories;2890;mese;false;2021.11.11
Borisz Sztugackij;STALKER;3590;mese;false;2021.11.11
Ken Liu;Invisible Planets;1790;mese;false;2021.11.11
Dan Simmons;Hyperion;2590;mese;false;2021.11.11
Dan Simmons;Hyperion;3990;mese;false;2021.11.11
Cixin Liu;The Dark Forest;3990;mese;false;2021.11.11
Dan Simmons;The Fall of Hyperion;4590;külföldi;false;2021.11.11
Frank Herbert;Dune;4390;mese;false;2021.11.11
Dan Simmons;Rise of Endymion;2590;mese;false;2021.11.11
Richard A. Knaak;Deathwing;2890;mese;false;2021.11.11
Ken Liu;The Gods Cannot be Killed;3490;mese;false;2021.11.11
Dan Simmons;Endymion;2590;mese;false;2021.11.11
Borisz Sztugackij;1000000000 years before the end;5290;mese;false;2021.11.11
George Martin;Nightflyers;2990;mese;false;2021.11.11
Cixin Liu;The Threebody Problem;2990;mese;false;2021.11.11
Arkagyij Sztugackij;Hotel to the Dead Alpinist;3990;regény;false;2021.11.11
Cixin Liu;The Death's End;2590;külföldi;false;2021.12.12.
Ken Liu;The Paper Menagerie and Other Stories;4590;mese;false;2021.11.11
Ken Liu;The Paper Menagerie and Other Stories;2890;mese;false;2021.11.11
Borisz Sztugackij;STALKER;3590;mese;false;2021.11.11
Ken Liu;Invisible Planets;1790;mese;false;2021.11.11
Dan Simmons;Hyperion;2590;mese;false;2021.11.11
Dan Simmons;Hyperion;3990;mese;false;2021.11.11
Cixin Liu;The Dark Forest;3990;mese;false;2021.11.11
Dan Simmons;The Fall of Hyperion;4590;külföldi;false;2021.11.11
Frank Herbert;Dune;4390;mese;false;2021.11.11
Dan Simmons;Rise of Endymion;2590;mese;false;2021.11.11
Richard A. Knaak;Deathwing;2890;mese;false;2021.11.11
Ken Liu;The Gods Cannot be Killed;3490;mese;false;2021.11.11
Dan Simmons;Endymion;2590;mese;false;2021.11.11
Borisz Sztugackij;1000000000 years before the end;5290;mese;false;2021.11.11
George Martin;Nightflyers;2990;mese;false;2021.11.11
Cixin Liu;The Threebody Problem;2990;mese;false;2021.11.11
Arkagyij Sztugackij;Hotel to the Dead Alpinist;3990;regény;false;2021.11.11
Cixin Liu;The Death's End;2590;külföldi;false;2021.12.12.
Ken Liu;The Paper Menagerie and Other Stories;4590;mese;false;2021.11.11
Ken Liu;The Paper Menagerie and Other Stories;2890;mese;false;2021.11.11
Borisz Sztugackij;STALKER;3590;mese;false;2021.11.11
Ken Liu;Invisible Planets;1790;mese;false;2021.11.11
Dan Simmons;Hyperion;2590;mese;false;2021.11.11
Dan Simmons;Hyperion;3990;mese;false;2021.11.11
Cixin Liu;The Dark Forest;3990;mese;false;2021.11.11
Dan Simmons;The Fall of Hyperion;4590;külföldi;false;2021.11.11
Frank Herbert;Dune;4390;mese;false;2021.11.11
Dan Simmons;Rise of Endymion;2590;mese;false;2021.11.11
Richard A. Knaak;Deathwing;2890;mese;false;2021.11.11
Ken Liu;The Gods Cannot be Killed;3490;mese;false;2021.11.11
Dan Simmons;Endymion;2590;mese;false;2021.11.11
Borisz Sztugackij;1000000000 years before the end;5290;mese;false;2021.11.11
George Martin;Nightflyers;2990;mese;false;2021.11.11
Cixin Liu;The Threebody Problem;2990;mese;false;2021.11.11
Arkagyij Sztugackij;Hotel to the Dead Alpinist;3990;regény;false;2021.11.11
Cixin Liu;The Death's End;2590;külföldi;false;2021.12.12.
Ken Liu;The Paper Menagerie and Other Stories;4590;mese;false;2021.11.11
Ken Liu;The Paper Menagerie and Other Stories;2890;mese;false;2021.11.11
Borisz Sztugackij;STALKER;3590;mese;false;2021.11.11
Ken Liu;Invisible Planets;1790;mese;false;2021.11.11
Dan Simmons;Hyperion;2590;mese;false;2021.11.11
Dan Simmons;Hyperion;3990;mese;false;2021.11.11
Cixin Liu;The Dark Forest;3990;mese;false;2021.11.11
Dan Simmons;The Fall of Hyperion;4590;külföldi;false;2021.11.11
Frank Herbert;Dune;4390;mese;false;2021.11.11
Dan Simmons;Rise of Endymion;2590;mese;false;2021.11.11
Richard A. Knaak;Deathwing;2890;mese;false;2021.11.11
Ken Liu;The Gods Cannot be Killed;3490;mese;false;2021.11.11
Dan Simmons;Endymion;2590;mese;false;2021.11.11
Borisz Sztugackij;1000000000 years before the end;5290;mese;false;2021.11.11
George Martin;Nightflyers;2990;mese;false;2021.11.11
Cixin Liu;The Threebody Problem;2990;mese;false;2021.11.11
Arkagyij Sztugackij;Hotel to the Dead Alpinist;3990;regény;false;2021.11.11
Cixin Liu;The Death's End;2590;külföldi;false;2021.12.12.
Ken Liu;The Paper Menagerie and Other Stories;4590;mese;false;2021.11.11
Ken Liu;The Paper Menagerie and Other Stories;2890;mese;false;2021.11.11
Borisz Sztugackij;STALKER;3590;mese;false;2021.11.11
Ken Liu;Invisible Planets;1790;mese;false;2021.11.11
Dan Simmons;Hyperion;2590;mese;false;2021.11.11
Dan Simmons;Hyperion;3990;mese;false;2021.11.11
Cixin Liu;The Dark Forest;3990;mese;false;2021.11.11
Dan Simmons;The Fall of Hyperion;4590;külföldi;false;2021.11.11
Frank Herbert;Dune;4390;mese;false;2021.11.11
Dan Simmons;Rise of Endymion;2590;mese;false;2021.11.11
Richard A. Knaak;Deathwing;2890;mese;false;2021.11.11
Ken Liu;The Gods Cannot be Killed;3490;mese;false;2021.11.11
Dan Simmons;Endymion;2590;mese;false;2021.11.11
Borisz Sztugackij;1000000000 years before the end;5290;mese;false;2021.11.11
George Martin;Nightflyers;2990;mese;false;2021.11.11
Cixin Liu;The Threebody Problem;2990;mese;false;2021.11.11
Arkagyij Sztugackij;Hotel to the Dead Alpinist;3990;regény;false;2021.11.11
Cixin Liu;The Death's End;2590;külföldi;false;2021.12.12.
Ken Liu;The Paper Menagerie and Other Stories;4590;mese;false;2021.11.11
Ken Liu;The Paper Menagerie and Other Stories;2890;mese;false;2021.11.11
Borisz Sztugackij;STALKER;3590;mese;false;2021.11.11
Ken Liu;Invisible Planets;1790;mese;false;2021.11.11
Dan Simmons;Hyperion;2590;mese;false;2021.11.11
Dan Simmons;Hyperion;3990;mese;false;2021.11.11
Cixin Liu;The Dark Forest;3990;mese;false;2021.11.11
Dan Simmons;The Fall of Hyperion;4590;külföldi;false;2021.11.11
Frank Herbert;Dune;4390;mese;false;2021.11.11
Dan Simmons;Rise of Endymion;2590;mese;false;2021.11.11
Richard A. Knaak;Deathwing;2890;mese;false;2021.11.11
Ken Liu;The Gods Cannot be Killed;3490;mese;false;2021.11.11
Dan Simmons;Endymion;2590;mese;false;2021.11.11
Borisz Sztugackij;1000000000 years before the end;5290;mese;false;2021.11.11
George Martin;Nightflyers;2990;mese;false;2021.11.11
Cixin Liu;The Threebody Problem;2990;mese;false;2021.11.11
Arkagyij Sztugackij;Hotel to the Dead Alpinist;3990;regény;false;2021.11.11
Cixin Liu;The Death's End;2590;külföldi;false;2021.12.12.
Ken Liu;The Paper Menagerie and Other Stories;4590;mese;false;2021.11.11
Ken Liu;The Paper Menagerie and Other Stories;2890;mese;false;2021.11.11
Borisz Sztugackij;STALKER;3590;mese;false;2021.11.11
Ken Liu;Invisible Planets;1790;mese;false;2021.11.11
Dan Simmons;Hyperion;2590;mese;false;2021.11.11
Dan Simmons;Hyperion;3990;mese;false;2021.11.11
Cixin Liu;The Dark Forest;3990;mese;false;2021.11.11
Dan Simmons;The Fall of Hyperion;4590;külföldi;false;2021.11.11
Frank Herbert;Dune;4390;mese;false;2021.11.11
Dan Simmons;Rise of Endymion;2590;mese;false;2021.11.11
Richard A. Knaak;Deathwing;2890;mese;false;2021.11.11
Ken Liu;The Gods Cannot be Killed;3490;mese;false;2021.11.11
Dan Simmons;Endymion;2590;mese;false;2021.11.11
Borisz Sztugackij;1000000000 years before the end;5290;mese;false;2021.11.11
George Martin;Nightflyers;2990;mese;false;2021.11.11
Cixin Liu;The Threebody Problem;2990;mese;false;2021.11.11
Arkagyij Sztugackij;Hotel to the Dead Alpinist;3990;regény;false;2021.11.11
Cixin Liu;The Death's End;2590;külföldi;false;2021.12.12.
Ken Liu;The Paper Menagerie and Other Stories;4590;mese;false;2021.11.11
Ken Liu;The Paper Menagerie and Other Stories;2890;mese;false;2021.11.11
Borisz Sztugackij;STALKER;3590;mese;false;2021.11.11
Ken Liu;Invisible Planets;1790;mese;false;2021.11.11
Dan Simmons;Hyperion;2590;mese;false;2021.11.11
Dan Simmons;Hyperion;3990;mese;false;2021.11.11
Cixin Liu;The Dark Forest;3990;mese;false;2021.11.11
Dan Simmons;The Fall of Hyperion;4590;külföldi;false;2021.11.11
Frank Herbert;Dune;4390;mese;false;2021.11.11
Dan Simmons;Rise of Endymion;2590;mese;false;2021.11.11
Richard A. Knaak;Deathwing;2890;mese;false;2021.11.11
Ken Liu;The Gods Cannot be Killed;3490;mese;false;2021.11.11
Dan Simmons;Endymion;2590;mese;false;2021.11.11
Borisz Sztugackij;1000000000 years before the end;5290;mese;false;2021.11.11
George Martin;Nightflyers;2990;mese;false;2021.11.11
Cixin Liu;The Threebody Problem;2990;mese;false;2021.11.11
Arkagyij Sztugackij;Hotel to the Dead Alpinist;3990;regény;false;2021.11.11
Cixin Liu;The Death's End;2590;külföldi;false;2021.12.12.
Ken Liu;The Paper Menagerie and Other Stories;4590;mese;false;2021.11.11
Ken Liu;The Paper Menagerie and Other Stories;2890;mese;false;2021.11.11
Borisz Sztugackij;STALKER;3590;mese;false;2021.11.11
Ken Liu;Invisible Planets;1790;mese;false;2021.11.11
Dan Simmons;Hyperion;2590;mese;false;2021.11.11
Dan Simmons;Hyperion;3990;mese;false;2021.11.11
Cixin Liu;The Dark Forest;3990;mese;false;2021.11.11
Dan Simmons;The Fall of Hyperion;4590;külföldi;false;2021.11.11
Frank Herbert;Dune;4390;mese;false;2021.11.11
Dan Simmons;Rise of Endymion;2590;mese;false;2021.11.11
Richard A. Knaak;Deathwing;2890;mese;false;2021.11.11
Ken Liu;The Gods Cannot be Killed;3490;mese;false;2021.11.11
Dan Simmons;Endymion;2590;mese;false;2021.11.11
Borisz Sztugackij;1000000000 years before the end;5290;mese;false;2021.11.11
George Martin;Nightflyers;2990;mese;false;2021.11.11
Cixin Liu;The Threebody Problem;2990;mese;false;2021.11.11
Arkagyij Sztugackij;Hotel to the Dead Alpinist;3990;regény;false;2021.11.11
Cixin Liu;The Death's End;2590;külföldi;false;2021.12.12.
Ken Liu;The Paper Menagerie and Other Stories;4590;mese;false;2021.11.11
Ken Liu;The Paper Menagerie and Other Stories;2890;mese;false;2021.11.11
Borisz Sztugackij;STALKER;3590;mese;false;2021.11.11
Ken Liu;Invisible Planets;1790;mese;false;2021.11.11
Dan Simmons;Hyperion;2590;mese;false;2021.11.11
Dan Simmons;Hyperion;3990;mese;false;2021.11.11
Cixin Liu;The Dark Forest;3990;mese;false;2021.11.11
Dan Simmons;The Fall of Hyperion;4590;külföldi;false;2021.11.11
Frank Herbert;Dune;4390;mese;false;2021.11.11
Dan Simmons;Rise of Endymion;2590;mese;false;2021.11.11
Richard A. Knaak;Deathwing;2890;mese;false;2021.11.11
Ken Liu;The Gods Cannot be Killed;3490;mese;false;2021.11.11
Dan Simmons;Endymion;2590;mese;false;2021.11.11
Borisz Sztugackij;1000000000 years before the end;5290;mese;false;2021.11.11
George Martin;Nightflyers;2990;mese;false;2021.11.11
Cixin Liu;The Threebody Problem;2990;mese;false;2021.11.11
Arkagyij Sztugackij;Hotel to the Dead Alpinist;3990;regény;false;2021.11.11
Cixin Liu;The Death's End;2590;külföldi;false;2021.12.12.
Ken Liu;The Paper Menagerie and Other Stories;4590;mese;false;2021.11.11
Ken Liu;The Paper Menagerie and Other Stories;2890;mese;false;2021.11.11
Borisz Sztugackij;STALKER;3590;mese;false;2021.11.11
Ken Liu;Invisible Planets;1790;mese;false;2021.11.11
Dan Simmons;Hyperion;2590;mese;false;2021.11.11
Dan Simmons;Hyperion;3990;mese;false;2021.11.11
Cixin Liu;The Dark Forest;3990;mese;false;2021.11.11
Dan Simmons;The Fall of Hyperion;4590;külföldi;false;2021.11.11
Frank Herbert;Dune;4390;mese;false;2021.11.11
Dan Simmons;Rise of Endymion;2590;mese;false;2021.11.11
Richard A. Knaak;Deathwing;2890;mese;false;2021.11.11
Ken Liu;The Gods Cannot be Killed;3490;mese;false;2021.11.11
Dan Simmons;Endymion;2590;mese;false;2021.11.11
Borisz Sztugackij;1000000000 years before the end;5290;mese;false;2021.11.11
George Martin;Nightflyers;2990;mese;false;2021.11.11
Cixin Liu;The Threebody Problem;2990;mese;false;2021.11.11
Arkagyij Sztugackij;Hotel to the Dead Alpinist;3990;regény;false;2021.11.11
Cixin Liu;The Death's End;2590;külföldi;false;2021.12.12.
Ken Liu;The Paper Menagerie and Other Stories;4590;mese;false;2021.11.11
Ken Liu;The Paper Menagerie and Other Stories;2890;mese;false;2021.11.11
Borisz Sztugackij;STALKER;3590;mese;false;2021.11.11
Ken Liu;Invisible Planets;1790;mese;false;2021.11.11
Dan Simmons;Hyperion;2590;mese;false;2021.11.11
Dan Simmons;Hyperion;3990;mese;false;2021.11.11
Cixin Liu;The Dark Forest;3990;mese;false;2021.11.11
Dan Simmons;The Fall of Hyperion;4590;külföldi;false;2021.11.11
Frank Herbert;Dune;4390;mese;false;2021.11.11
Dan Simmons;Rise of Endymion;2590;mese;false;2021.11.11
Richard A. Knaak;Deathwing;2890;mese;false;2021.11.11
Ken Liu;The Gods Cannot be Killed;3490;mese;false;2021.11.11
Dan Simmons;Endymion;2590;mese;false;2021.11.11
Borisz Sztugackij;1000000000 years before the end;5290;mese;false;2021.11.11
George Martin;Nightflyers;2990;mese;false;2021.11.11
Cixin Liu;The Threebody Problem;2990;mese;false;2021.11.11
Arkagyij Sztugackij;Hotel to the Dead Alpinist;3990;regény;false;2021.11.11
Cixin Liu;The Death's End;2590;külföldi;false;2021.12.12.
Ken Liu;The Paper Menagerie and Other Stories;4590;mese;false;2021.11.11
Ken Liu;The Paper Menagerie and Other Stories;2890;mese;false;2021.11.11
Borisz Sztugackij;STALKER;3590;mese;false;2021.11.11
Ken Liu;Invisible Planets;1790;mese;false;2021.11.11
Dan Simmons;Hyperion;2590;mese;false;2021.11.11
Dan Simmons;Hyperion;3990;mese;false;2021.11.11
Cixin Liu;The Dark Forest;3990;mese;false;2021.11.11
Dan Simmons;The Fall of Hyperion;4590;külföldi;false;2021.11.11
Frank Herbert;Dune;4390;mese;false;2021.11.11
Dan Simmons;Rise of Endymion;2590;mese;false;2021.11.11
Richard A. Knaak;Deathwing;2890;mese;false;2021.11.11
Ken Liu;The Gods Cannot be Killed;3490;mese;false;2021.11.11
Dan Simmons;Endymion;2590;mese;false;2021.11.11
Borisz Sztugackij;1000000000 years before the end;5290;mese;false;2021.11.11
George Martin;Nightflyers;2990;mese;false;2021.11.11
Cixin Liu;The Threebody Problem;2990;mese;false;2021.11.11
Arkagyij Sztugackij;Hotel to the Dead Alpinist;3990;regény;false;2021.11.11
Cixin Liu;The Death's End;2590;külföldi;false;2021.12.12.
Ken Liu;The Paper Menagerie and Other Stories;4590;mese;false;2021.11.11
Ken Liu;The Paper Menagerie and Other Stories;2890;mese;false;2021.11.11
Borisz Sztugackij;STALKER;3590;mese;false;2021.11.11
Ken Liu;Invisible Planets;1790;mese;false;2021.11.11
Dan Simmons;Hyperion;2590;mese;false;2021.11.11
Dan Simmons;Hyperion;3990;mese;false;2021.11.11
Cixin Liu;The Dark Forest;3990;mese;false;2021.11.11
Dan Simmons;The Fall of Hyperion;4590;külföldi;false;2021.11.11
Frank Herbert;Dune;4390;mese;false;2021.11.11
Dan Simmons;Rise of Endymion;2590;mese;false;2021.11.11
Richard A. Knaak;Deathwing;2890;mese;false;2021.11.11
Ken Liu;The Gods Cannot be Killed;3490;mese;false;2021.11.11
Dan Simmons;Endymion;2590;mese;false;2021.11.11
Borisz Sztugackij;1000000000 years before the end;5290;mese;false;2021.11.11
George Martin;Nightflyers;2990;mese;false;2021.11.11
Cixin Liu;The Threebody Problem;2990;mese;false;2021.11.11
Arkagyij Sztugackij;Hotel to the Dead Alpinist;3990;regény;false;2021.11.11
Cixin Liu;The Death's End;2590;külföldi;false;2021.12.12.
Ken Liu;The Paper Menagerie and Other Stories;4590;mese;false;2021.11.11
Ken Liu;The Paper Menagerie and Other Stories;2890;mese;false;2021.11.11
Borisz Sztugackij;STALKER;3590;mese;false;2021.11.11
Ken Liu;Invisible Planets;1790;mese;false;2021.11.11
Dan Simmons;Hyperion;2590;mese;false;2021.11.11
Dan Simmons;Hyperion;3990;mese;false;2021.11.11
Cixin Liu;The Dark Forest;3990;mese;false;2021.11.11
Dan Simmons;The Fall of Hyperion;4590;külföldi;false;2021.11.11
Frank Herbert;Dune;4390;mese;false;2021.11.11
Dan Simmons;Rise of Endymion;2590;mese;false;2021.11.11
Richard A. Knaak;Deathwing;2890;mese;false;2021.11.11
Ken Liu;The Gods Cannot be Killed;3490;mese;false;2021.11.11
Dan Simmons;Endymion;2590;mese;false;2021.11.11
Borisz Sztugackij;1000000000 years before the end;5290;mese;false;2021.11.11
George Martin;Nightflyers;2990;mese;false;2021.11.11
Cixin Liu;The Threebody Problem;2990;mese;false;2021.11.11
Arkagyij Sztugackij;Hotel to the Dead Alpinist;3990;regény;false;2021.11.11
Cixin Liu;The Death's End;2590;külföldi;false;2021.12.12.
Ken Liu;The Paper Menagerie and Other Stories;4590;mese;false;2021.11.11
Ken Liu;The Paper Menagerie and Other Stories;2890;mese;false;2021.11.11
Borisz Sztugackij;STALKER;3590;mese;false;2021.11.11
Ken Liu;Invisible Planets;1790;mese;false;2021.11.11
Dan Simmons;Hyperion;2590;mese;false;2021.11.11
Dan Simmons;Hyperion;3990;mese;false;2021.11.11
Cixin Liu;The Dark Forest;3990;mese;false;2021.11.11
Dan Simmons;The Fall of Hyperion;4590;külföldi;false;2021.11.11
Frank Herbert;Dune;4390;mese;false;2021.11.11
Dan Simmons;Rise of Endymion;2590;mese;false;2021.11.11
Richard A. Knaak;Deathwing;2890;mese;false;2021.11.11
Ken Liu;The Gods Cannot be Killed;3490;mese;false;2021.11.11
Dan Simmons;Endymion;2590;mese;false;2021.11.11
Borisz Sztugackij;1000000000 years before the end;5290;mese;false;2021.11.11
George Martin;Nightflyers;2990;mese;false;2021.11.11
Cixin Liu;The Threebody Problem;2990;mese;false;2021.11.11
Arkagyij Sztugackij;Hotel to the Dead Alpinist;3990;regény;false;2021.11.11
Cixin Liu;The Death's End;2590;külföldi;false;2021.12.12.
Ken Liu;The Paper Menagerie and Other Stories;4590;mese;false;2021.11.11
Ken Liu;The Paper Menagerie and Other Stories;2890;mese;false;2021.11.11
Borisz Sztugackij;STALKER;3590;mese;false;2021.11.11
Ken Liu;Invisible Planets;1790;mese;false;2021.11.11
Dan Simmons;Hyperion;2590;mese;false;2021.11.11
Dan Simmons;Hyperion;3990;mese;false;2021.11.11
Cixin Liu;The Dark Forest;3990;mese;false;2021.11.11
Dan Simmons;The Fall of Hyperion;4590;külföldi;false;2021.11.11
Frank Herbert;Dune;4390;mese;false;2021.11.11
Dan Simmons;Rise of Endymion;2590;mese;false;2021.11.11
Richard A. Knaak;Deathwing;2890;mese;false;2021.11.11
Ken Liu;The Gods Cannot be Killed;3490;mese;false;2021.11.11
Dan Simmons;Endymion;2590;mese;false;2021.11.11
Borisz Sztugackij;1000000000 years before the end;5290;mese;false;2021.11.11
George Martin;Nightflyers;2990;mese;false;2021.11.11
Cixin Liu;The Threebody Problem;2990;mese;false;2021.11.11
Arkagyij Sztugackij;Hotel to the Dead Alpinist;3990;regény;false;2021.11.11
Cixin Liu;The Death's End;2590;külföldi;false;2021.12.12.
Ken Liu;The Paper Menagerie and Other Stories;4590;mese;false;2021.11.11
Ken Liu;The Paper Menagerie and Other Stories;2890;mese;false;2021.11.11
Borisz Sztugackij;STALKER;3590;mese;false;2021.11.11
Ken Liu;Invisible Planets;1790;mese;false;2021.11.11
Dan Simmons;Hyperion;2590;mese;false;2021.11.11
Dan Simmons;Hyperion;3990;mese;false;2021.11.11
Cixin Liu;The Dark Forest;3990;mese;false;2021.11.11
Dan Simmons;The Fall of Hyperion;4590;külföldi;false;2021.11.11
Frank Herbert;Dune;4390;mese;false;2021.11.11
Dan Simmons;Rise of Endymion;2590;mese;false;2021.11.11
Richard A. Knaak;Deathwing;2890;mese;false;2021.11.11
Ken Liu;The Gods Cannot be Killed;3490;mese;false;2021.11.11
Dan Simmons;Endymion;2590;mese;false;2021.11.11
Borisz Sztugackij;1000000000 years before the end;5290;mese;false;2021.11.11
George Martin;Nightflyers;2990;mese;false;2021.11.11
Cixin Liu;The Threebody Problem;2990;mese;false;2021.11.11
Arkagyij Sztugackij;Hotel to the Dead Alpinist;3990;regény;false;2021.11.11
Cixin Liu;The Death's End;2590;külföldi;false;2021.12.12.
Ken Liu;The Paper Menagerie and Other Stories;4590;mese;false;2021.11.11
Ken Liu;The Paper Menagerie and Other Stories;2890;mese;false;2021.11.11
Borisz Sztugackij;STALKER;3590;mese;false;2021.11.11
Ken Liu;Invisible Planets;1790;mese;false;2021.11.11
Dan Simmons;Hyperion;2590;mese;false;2021.11.11
Dan Simmons;Hyperion;3990;mese;false;2021.11.11
Cixin Liu;The Dark Forest;3990;mese;false;2021.11.11
Dan Simmons;The Fall of Hyperion;4590;külföldi;false;2021.11.11
Frank Herbert;Dune;4390;mese;false;2021.11.11
Dan Simmons;Rise of Endymion;2590;mese;false;2021.11.11
Richard A. Knaak;Deathwing;2890;mese;false;2021.11.11
Ken Liu;The Gods Cannot be Killed;3490;mese;false;2021.11.11
Dan Simmons;Endymion;2590;mese;false;2021.11.11
Borisz Sztugackij;1000000000 years before the end;5290;mese;false;2021.11.11
George Martin;Nightflyers;2990;mese;false;2021.11.11
Cixin Liu;The Threebody Problem;2990;mese;false;2021.11.11
Arkagyij Sztugackij;Hotel to the Dead Alpinist;3990;regény;false;2021.11.11
Cixin Liu;The Death's End;2590;külföldi;false;2021.12.12.
Ken Liu;The Paper Menagerie and Other Stories;4590;mese;false;2021.11.11
Ken Liu;The Paper Menagerie and Other Stories;2890;mese;false;2021.11.11
Borisz Sztugackij;STALKER;3590;mese;false;2021.11.11
Ken Liu;Invisible Planets;1790;mese;false;2021.11.11
Dan Simmons;Hyperion;2590;mese;false;2021.11.11
Dan Simmons;Hyperion;3990;mese;false;2021.11.11
Cixin Liu;The Dark Forest;3990;mese;false;2021.11.11
Dan Simmons;The Fall of Hyperion;4590;külföldi;false;2021.11.11
Frank Herbert;Dune;4390;mese;false;2021.11.11
Dan Simmons;Rise of Endymion;2590;mese;false;2021.11.11
Richard A. Knaak;Deathwing;2890;mese;false;2021.11.11
Ken Liu;The Gods Cannot be Killed;3490;mese;false;2021.11.11
Dan Simmons;Endymion;2590;mese;false;2021.11.11
Borisz Sztugackij;1000000000 years before the end;5290;mese;false;2021.11.11
George Martin;Nightflyers;2990;mese;false;2021.11.11
Cixin Liu;The Threebody Problem;2990;mese;false;2021.11.11
Arkagyij Sztugackij;Hotel to the Dead Alpinist;3990;regény;false;2021.11.11
Cixin Liu;The Death's End;2590;külföldi;false;2021.12.12.
Ken Liu;The Paper Menagerie and Other Stories;4590;mese;false;2021.11.11
Ken Liu;The Paper Menagerie and Other Stories;2890;mese;false;2021.11.11
Borisz Sztugackij;STALKER;3590;mese;false;2021.11.11
Ken Liu;Invisible Planets;1790;mese;false;2021.11.11
Dan Simmons;Hyperion;2590;mese;false;2021.11.11
Dan Simmons;Hyperion;3990;mese;false;2021.11.11
Cixin Liu;The Dark Forest;3990;mese;false;2021.11.11
Dan Simmons;The Fall of Hyperion;4590;külföldi;false;2021.11.11
Frank Herbert;Dune;4390;mese;false;2021.11.11
Dan Simmons;Rise of Endymion;2590;mese;false;2021.11.11
Richard A. Knaak;Deathwing;2890;mese;false;2021.11.11
Ken Liu;The Gods Cannot be Killed;3490;mese;false;2021.11.11
Dan Simmons;Endymion;2590;mese;false;2021.11.11
Borisz Sztugackij;1000000000 years before the end;5290;mese;false;2021.11.11
George Martin;Nightflyers;2990;mese;false;2021.11.11
Cixin Liu;The Threebody Problem;2990;mese;false;2021.11.11
Arkagyij Sztugackij;Hotel to the Dead Alpinist;3990;regény;false;2021.11.11
Cixin Liu;The Death's End;2590;külföldi;false;2021.12.12.
Ken Liu;The Paper Menagerie and Other Stories;4590;mese;false;2021.11.11
Ken Liu;The Paper Menagerie and Other Stories;2890;mese;false;2021.11.11
Borisz Sztugackij;STALKER;3590;mese;false;2021.11.11
Ken Liu;Invisible Planets;1790;mese;false;2021.11.11
Dan Simmons;Hyperion;2590;mese;false;2021.11.11
Dan Simmons;Hyperion;3990;mese;false;2021.11.11
Cixin Liu;The Dark Forest;3990;mese;false;2021.11.11
Dan Simmons;The Fall of Hyperion;4590;külföldi;false;2021.11.11
Frank Herbert;Dune;4390;mese;false;2021.11.11
Dan Simmons;Rise of Endymion;2590;mese;false;2021.11.11
Richard A. Knaak;Deathwing;2890;mese;false;2021.11.11
Ken Liu;The Gods Cannot be Killed;3490;mese;false;2021.11.11
Dan Simmons;Endymion;2590;mese;false;2021.11.11
Borisz Sztugackij;1000000000 years before the end;5290;mese;false;2021.11.11
George Martin;Nightflyers;2990;mese;false;2021.11.11
Cixin Liu;The Threebody Problem;2990;mese;false;2021.11.11
Arkagyij Sztugackij;Hotel to the Dead Alpinist;3990;regény;false;2021.11.11
Cixin Liu;The Death's End;2590;külföldi;false;2021.12.12.
Ken Liu;The Paper Menagerie and Other Stories;4590;mese;false;2021.11.11
Ken Liu;The Paper Menagerie and Other Stories;2890;mese;false;2021.11.11
Borisz Sztugackij;STALKER;3590;mese;false;2021.11.11
Ken Liu;Invisible Planets;1790;mese;false;2021.11.11
Dan Simmons;Hyperion;2590;mese;false;2021.11.11
Dan Simmons;Hyperion;3990;mese;false;2021.11.11
Cixin Liu;The Dark Forest;3990;mese;false;2021.11.11
Dan Simmons;The Fall of Hyperion;4590;külföldi;false;2021.11.11
Frank Herbert;Dune;4390;mese;false;2021.11.11
Dan Simmons;Rise of Endymion;2590;mese;false;2021.11.11
Richard A. Knaak;Deathwing;2890;mese;false;2021.11.11
Ken Liu;The Gods Cannot be Killed;3490;mese;false;2021.11.11
Dan Simmons;Endymion;2590;mese;false;2021.11.11
Borisz Sztugackij;1000000000 years before the end;5290;mese;false;2021.11.11
George Martin;Nightflyers;2990;mese;false;2021.11.11
Cixin Liu;The Threebody Problem;2990;mese;false;2021.11.11
Arkagyij Sztugackij;Hotel to the Dead Alpinist;3990;regény;false;2021.11.11
Cixin Liu;The Death's End;2590;külföldi;false;2021.12.12.
Ken Liu;The Paper Menagerie and Other Stories;4590;mese;false;2021.11.11
Ken Liu;The Paper Menagerie and Other Stories;2890;mese;false;2021.11.11
Borisz Sztugackij;STALKER;3590;mese;false;2021.11.11
Ken Liu;Invisible Planets;1790;mese;false;2021.11.11
Dan Simmons;Hyperion;2590;mese;false;2021.11.11
Dan Simmons;Hyperion;3990;mese;false;2021.11.11
Cixin Liu;The Dark Forest;3990;mese;false;2021.11.11
Dan Simmons;The Fall of Hyperion;4590;külföldi;false;2021.11.11
Frank Herbert;Dune;4390;mese;false;2021.11.11
Dan Simmons;Rise of Endymion;2590;mese;false;2021.11.11
Richard A. Knaak;Deathwing;2890;mese;false;2021.11.11
Ken Liu;The Gods Cannot be Killed;3490;mese;false;2021.11.11
Dan Simmons;Endymion;2590;mese;false;2021.11.11
Borisz Sztugackij;1000000000 years before the end;5290;mese;false;2021.11.11
George Martin;Nightflyers;2990;mese;false;2021.11.11
Cixin Liu;The Threebody Problem;2990;mese;false;2021.11.11
Arkagyij Sztugackij;Hotel to the Dead Alpinist;3990;regény;false;2021.11.11
Cixin Liu;The Death's End;2590;külföldi;false;2021.12.12.
Ken Liu;The Paper Menagerie and Other Stories;4590;mese;false;2021.11.11
Ken Liu;The Paper Menagerie and Other Stories;2890;mese;false;2021.11.11
Borisz Sztugackij;STALKER;3590;mese;false;2021.11.11
Ken Liu;Invisible Planets;1790;mese;false;2021.11.11
Dan Simmons;Hyperion;2590;mese;false;2021.11.11
Dan Simmons;Hyperion;3990;mese;false;2021.11.11
Cixin Liu;The Dark Forest;3990;mese;false;2021.11.11
Dan Simmons;The Fall of Hyperion;4590;külföldi;false;2021.11.11
Frank Herbert;Dune;4390;mese;false;2021.11.11
Dan Simmons;Rise of Endymion;2590;mese;false;2021.11.11
Richard A. Knaak;Deathwing;2890;mese;false;2021.11.11
Ken Liu;The Gods Cannot be Killed;3490;mese;false;2021.11.11
Dan Simmons;Endymion;2590;mese;false;2021.11.11
Borisz Sztugackij;1000000000 years before the end;5290;mese;false;2021.11.11
George Martin;Nightflyers;2990;mese;false;2021.11.11
Cixin Liu;The Threebody Problem;2990;mese;false;2021.11.11
Arkagyij Sztugackij;Hotel to the Dead Alpinist;3990;regény;false;2021.11.11
Cixin Liu;The Death's End;2590;külföldi;false;2021.12.12.
Ken Liu;The Paper Menagerie and Other Stories;4590;mese;false;2021.11.11
Ken Liu;The Paper Menagerie and Other Stories;2890;mese;false;2021.11.11
Borisz Sztugackij;STALKER;3590;mese;false;2021.11.11
Ken Liu;Invisible Planets;1790;mese;false;2021.11.11
Dan Simmons;Hyperion;2590;mese;false;2021.11.11
Dan Simmons;Hyperion;3990;mese;false;2021.11.11
Cixin Liu;The Dark Forest;3990;mese;false;2021.11.11
Dan Simmons;The Fall of Hyperion;4590;külföldi;false;2021.11.11
Frank Herbert;Dune;4390;mese;false;2021.11.11
Dan Simmons;Rise of Endymion;2590;mese;false;2021.11.11
Richard A. Knaak;Deathwing;2890;mese;false;2021.11.11
Ken Liu;The Gods Cannot be Killed;3490;mese;false;2021.11.11
Dan Simmons;Endymion;2590;mese;false;2021.11.11
Borisz Sztugackij;1000000000 years before the end;5290;mese;false;2021.11.11
George Martin;Nightflyers;2990;mese;false;2021.11.11
Cixin Liu;The Threebody Problem;2990;mese;false;2021.11.11
Arkagyij Sztugackij;Hotel to the Dead Alpinist;3990;regény;false;2021.11.11
Cixin Liu;The Death's End;2590;külföldi;false;2021.12.12.
Ken Liu;The Paper Menagerie and Other Stories;4590;mese;false;2021.11.11
Ken Liu;The Paper Menagerie and Other Stories;2890;mese;false;2021.11.11
Borisz Sztugackij;STALKER;3590;mese;false;2021.11.11
Ken Liu;Invisible Planets;1790;mese;false;2021.11.11
Dan Simmons;Hyperion;2590;mese;false;2021.11.11
Dan Simmons;Hyperion;3990;mese;false;2021.11.11
Cixin Liu;The Dark Forest;3990;mese;false;2021.11.11
Dan Simmons;The Fall of Hyperion;4590;külföldi;false;2021.11.11
Frank Herbert;Dune;4390;mese;false;2021.11.11
Dan Simmons;Rise of Endymion;2590;mese;false;2021.11.11
Richard A. Knaak;Deathwing;2890;mese;false;2021.11.11
Ken Liu;The Gods Cannot be Killed;3490;mese;false;2021.11.11
Dan Simmons;Endymion;2590;mese;false;2021.11.11
Borisz Sztugackij;1000000000 years before the end;5290;mese;false;2021.11.11
George Martin;Nightflyers;2990;mese;false;2021.11.11
Cixin Liu;The Threebody Problem;2990;mese;false;2021.11.11
Arkagyij Sztugackij;Hotel to the Dead Alpinist;3990;regény;false;2021.11.11
Cixin Liu;The Death's End;2590;külföldi;false;2021.12.12.
Ken Liu;The Paper Menagerie and Other Stories;4590;mese;false;2021.11.11
Ken Liu;The Paper Menagerie and Other Stories;2890;mese;false;2021.11.11
Borisz Sztugackij;STALKER;3590;mese;false;2021.11.11
Ken Liu;Invisible Planets;1790;mese;false;2021.11.11
Dan Simmons;Hyperion;2590;mese;false;2021.11.11
Dan Simmons;Hyperion;3990;mese;false;2021.11.11
Cixin Liu;The Dark Forest;3990;mese;false;2021.11.11
Dan Simmons;The Fall of Hyperion;4590;külföldi;false;2021.11.11
Frank Herbert;Dune;4390;mese;false;2021.11.11
Dan Simmons;Rise of Endymion;2590;mese;false;2021.11.11
Richard A. Knaak;Deathwing;2890;mese;false;2021.11.11
Ken Liu;The Gods Cannot be Killed;3490;mese;false;2021.11.11
Dan Simmons;Endymion;2590;mese;false;2021.11.11
Borisz Sztugackij;1000000000 years before the end;5290;mese;false;2021.11.11
George Martin;Nightflyers;2990;mese;false;2021.11.11
Cixin Liu;The Threebody Problem;2990;mese;false;2021.11.11
Arkagyij Sztugackij;Hotel to the Dead Alpinist;3990;regény;false;2021.11.11
Cixin Liu;The Death's End;2590;külföldi;false;2021.12.12.
Ken Liu;The Paper Menagerie and Other Stories;4590;mese;false;2021.11.11
Ken Liu;The Paper Menagerie and Other Stories;2890;mese;false;2021.11.11
Borisz Sztugackij;STALKER;3590;mese;false;2021.11.11
Ken Liu;Invisible Planets;1790;mese;false;2021.11.11
Dan Simmons;Hyperion;2590;mese;false;2021.11.11
Dan Simmons;Hyperion;3990;mese;false;2021.11.11
Cixin Liu;The Dark Forest;3990;mese;false;2021.11.11
Dan Simmons;The Fall of Hyperion;4590;külföldi;false;2021.11.11
Frank Herbert;Dune;4390;mese;false;2021.11.11
Dan Simmons;Rise of Endymion;2590;mese;false;2021.11.11
Richard A. Knaak;Deathwing;2890;mese;false;2021.11.11
Ken Liu;The Gods Cannot be Killed;3490;mese;false;2021.11.11
Dan Simmons;Endymion;2590;mese;false;2021.11.11
Borisz Sztugackij;1000000000 years before the end;5290;mese;false;2021.11.11
George Martin;Nightflyers;2990;mese;false;2021.11.11
Cixin Liu;The Threebody Problem;2990;mese;false;2021.11.11
Arkagyij Sztugackij;Hotel to the Dead Alpinist;3990;regény;false;2021.11.11
Cixin Liu;The Death's End;2590;külföldi;false;2021.12.12.
Ken Liu;The Paper Menagerie and Other Stories;4590;mese;false;2021.11.11
Ken Liu;The Paper Menagerie and Other Stories;2890;mese;false;2021.11.11
Borisz Sztugackij;STALKER;3590;mese;false;2021.11.11
Ken Liu;Invisible Planets;1790;mese;false;2021.11.11
Dan Simmons;Hyperion;2590;mese;false;2021.11.11
Dan Simmons;Hyperion;3990;mese;false;2021.11.11
Cixin Liu;The Dark Forest;3990;mese;false;2021.11.11
Dan Simmons;The Fall of Hyperion;4590;külföldi;false;2021.11.11
Frank Herbert;Dune;4390;mese;false;2021.11.11
Dan Simmons;Rise of Endymion;2590;mese;false;2021.11.11
Richard A. Knaak;Deathwing;2890;mese;false;2021.11.11
Ken Liu;The Gods Cannot be Killed;3490;mese;false;2021.11.11
Dan Simmons;Endymion;2590;mese;false;2021.11.11
Borisz Sztugackij;1000000000 years before the end;5290;mese;false;2021.11.11
George Martin;Nightflyers;2990;mese;false;2021.11.11
Cixin Liu;The Threebody Problem;2990;mese;false;2021.11.11
Arkagyij Sztugackij;Hotel to the Dead Alpinist;3990;regény;false;2021.11.11
Cixin Liu;The Death's End;2590;külföldi;false;2021.12.12.
Ken Liu;The Paper Menagerie and Other Stories;4590;mese;false;2021.11.11
Ken Liu;The Paper Menagerie and Other Stories;2890;mese;false;2021.11.11
Borisz Sztugackij;STALKER;3590;mese;false;2021.11.11
Ken Liu;Invisible Planets;1790;mese;false;2021.11.11
Dan Simmons;Hyperion;2590;mese;false;2021.11.11
Dan Simmons;Hyperion;3990;mese;false;2021.11.11
Cixin Liu;The Dark Forest;3990;mese;false;2021.11.11
Dan Simmons;The Fall of Hyperion;4590;külföldi;false;2021.11.11
Frank Herbert;Dune;4390;mese;false;2021.11.11
Dan Simmons;Rise of Endymion;2590;mese;false;2021.11.11
Richard A. Knaak;Deathwing;2890;mese;false;2021.11.11
Ken Liu;The Gods Cannot be Killed;3490;mese;false;2021.11.11
Dan Simmons;Endymion;2590;mese;false;2021.11.11
Borisz Sztugackij;1000000000 years before the end;5290;mese;false;2021.11.11
George Martin;Nightflyers;2990;mese;false;2021.11.11
Cixin Liu;The Threebody Problem;2990;mese;false;2021.11.11
Arkagyij Sztugackij;Hotel to the Dead Alpinist;3990;regény;false;2021.11.11
Cixin Liu;The Death's End;2590;külföldi;false;2021.12.12.
Ken Liu;The Paper Menagerie and Other Stories;4590;mese;false;2021.11.11
Ken Liu;The Paper Menagerie and Other Stories;2890;mese;false;2021.11.11
Borisz Sztugackij;STALKER;3590;mese;false;2021.11.11
Ken Liu;Invisible Planets;1790;mese;false;2021.11.11
Dan Simmons;Hyperion;2590;mese;false;2021.11.11
Dan Simmons;Hyperion;3990;mese;false;2021.11.11
Cixin Liu;The Dark Forest;3990;mese;false;2021.11.11
Dan Simmons;The Fall of Hyperion;4590;külföldi;false;2021.11.11
Frank Herbert;Dune;4390;mese;false;2021.11.11
Dan Simmons;Rise of Endymion;2590;mese;false;2021.11.11
Richard A. Knaak;Deathwing;2890;mese;false;2021.11.11
Ken Liu;The Gods Cannot be Killed;3490;mese;false;2021.11.11
Dan Simmons;Endymion;2590;mese;false;2021.11.11
Borisz Sztugackij;1000000000 years before the end;5290;mese;false;2021.11.11
George Martin;Nightflyers;2990;mese;false;2021.11.11
Cixin Liu;The Threebody Problem;2990;mese;false;2021.11.11
Arkagyij Sztugackij;Hotel to the Dead Alpinist;3990;regény;false;2021.11.11
Cixin Liu;The Death's End;2590;külföldi;false;2021.12.12.
Ken Liu;The Paper Menagerie and Other Stories;4590;mese;false;2021.11.11
Ken Liu;The Paper Menagerie and Other Stories;2890;mese;false;2021.11.11
Borisz Sztugackij;STALKER;3590;mese;false;2021.11.11
Ken Liu;Invisible Planets;1790;mese;false;2021.11.11
Dan Simmons;Hyperion;2590;mese;false;2021.11.11
Dan Simmons;Hyperion;3990;mese;false;2021.11.11
Cixin Liu;The Dark Forest;3990;mese;false;2021.11.11
Dan Simmons;The Fall of Hyperion;4590;külföldi;false;2021.11.11
Frank Herbert;Dune;4390;mese;false;2021.11.11
Dan Simmons;Rise of Endymion;2590;mese;false;2021.11.11
Richard A. Knaak;Deathwing;2890;mese;false;2021.11.11
Ken Liu;The Gods Cannot be Killed;3490;mese;false;2021.11.11
Dan Simmons;Endymion;2590;mese;false;2021.11.11
Borisz Sztugackij;1000000000 years before the end;5290;mese;false;2021.11.11
George Martin;Nightflyers;2990;mese;false;2021.11.11
Cixin Liu;The Threebody Problem;2990;mese;false;2021.11.11
Arkagyij Sztugackij;Hotel to the Dead Alpinist;3990;regény;false;2021.11.11
Cixin Liu;The Death's End;2590;külföldi;false;2021.12.12.
Ken Liu;The Paper Menagerie and Other Stories;4590;mese;false;2021.11.11
Ken Liu;The Paper Menagerie and Other Stories;2890;mese;false;2021.11.11
Borisz Sztugackij;STALKER;3590;mese;false;2021.11.11
Ken Liu;Invisible Planets;1790;mese;false;2021.11.11
Dan Simmons;Hyperion;2590;mese;false;2021.11.11
Dan Simmons;Hyperion;3990;mese;false;2021.11.11
Cixin Liu;The Dark Forest;3990;mese;false;2021.11.11
Dan Simmons;The Fall of Hyperion;4590;külföldi;false;2021.11.11
Frank Herbert;Dune;4390;mese;false;2021.11.11
Dan Simmons;Rise of Endymion;2590;mese;false;2021.11.11
Richard A. Knaak;Deathwing;2890;mese;false;2021.11.11
Ken Liu;The Gods Cannot be Killed;3490;mese;false;2021.11.11
Dan Simmons;Endymion;2590;mese;false;2021.11.11
Borisz Sztugackij;1000000000 years before the end;5290;mese;false;2021.11.11
George Martin;Nightflyers;2990;mese;false;2021.11.11
Cixin Liu;The Threebody Problem;2990;mese;false;2021.11.11
Arkagyij Sztugackij;Hotel to the Dead Alpinist;3990;regény;false;2021.11.11
Cixin Liu;The Death's End;2590;külföldi;false;2021.12.12.
Ken Liu;The Paper Menagerie and Other Stories;4590;mese;false;2021.11.11
Ken Liu;The Paper Menagerie and Other Stories;2890;mese;false;2021.11.11
Borisz Sztugackij;STALKER;3590;mese;false;2021.11.11
Ken Liu;Invisible Planets;1790;mese;false;2021.11.11
Dan Simmons;Hyperion;2590;mese;false;2021.11.11
Dan Simmons;Hyperion;3990;mese;false;2021.11.11
Cixin Liu;The Dark Forest;3990;mese;false;2021.11.11
Dan Simmons;The Fall of Hyperion;4590;külföldi;false;2021.11.11
Frank Herbert;Dune;4390;mese;false;2021.11.11
Dan Simmons;Rise of Endymion;2590;mese;false;2021.11.11
Richard A. Knaak;Deathwing;2890;mese;false;2021.11.11
Ken Liu;The Gods Cannot be Killed;3490;mese;false;2021.11.11
Dan Simmons;Endymion;2590;mese;false;2021.11.11
Borisz Sztugackij;1000000000 years before the end;5290;mese;false;2021.11.11
George Martin;Nightflyers;2990;mese;false;2021.11.11
Cixin Liu;The Threebody Problem;2990;mese;false;2021.11.11
Arkagyij Sztugackij;Hotel to the Dead Alpinist;3990;regény;false;2021.11.11
Cixin Liu;The Death's End;2590;külföldi;false;2021.12.12.
Ken Liu;The Paper Menagerie and Other Stories;4590;mese;false;2021.11.11
Ken Liu;The Paper Menagerie and Other Stories;2890;mese;false;2021.11.11
Borisz Sztugackij;STALKER;3590;mese;false;2021.11.11
Ken Liu;Invisible Planets;1790;mese;false;2021.11.11
Dan Simmons;Hyperion;2590;mese;false;2021.11.11
Dan Simmons;Hyperion;3990;mese;false;2021.11.11
Cixin Liu;The Dark Forest;3990;mese;false;2021.11.11
Dan Simmons;The Fall of Hyperion;4590;külföldi;false;2021.11.11
Frank Herbert;Dune;4390;mese;false;2021.11.11
Dan Simmons;Rise of Endymion;2590;mese;false;2021.11.11
Richard A. Knaak;Deathwing;2890;mese;false;2021.11.11
Ken Liu;The Gods Cannot be Killed;3490;mese;false;2021.11.11
Dan Simmons;Endymion;2590;mese;false;2021.11.11
Borisz Sztugackij;1000000000 years before the end;5290;mese;false;2021.11.11
George Martin;Nightflyers;2990;mese;false;2021.11.11
Cixin Liu;The Threebody Problem;2990;mese;false;2021.11.11
Arkagyij Sztugackij;Hotel to the Dead Alpinist;3990;regény;false;2021.11.11
Cixin Liu;The Death's End;2590;külföldi;false;2021.12.12.
Ken Liu;The Paper Menagerie and Other Stories;4590;mese;false;2021.11.11
Ken Liu;The Paper Menagerie and Other Stories;2890;mese;false;2021.11.11
Borisz Sztugackij;STALKER;3590;mese;false;2021.11.11
Ken Liu;Invisible Planets;1790;mese;false;2021.11.11
Dan Simmons;Hyperion;2590;mese;false;2021.11.11
Dan Simmons;Hyperion;3990;mese;false;2021.11.11
Cixin Liu;The Dark Forest;3990;mese;false;2021.11.11
Dan Simmons;The Fall of Hyperion;4590;külföldi;false;2021.11.11
Frank Herbert;Dune;4390;mese;false;2021.11.11
Dan Simmons;Rise of Endymion;2590;mese;false;2021.11.11
Richard A. Knaak;Deathwing;2890;mese;false;2021.11.11
Ken Liu;The Gods Cannot be Killed;3490;mese;false;2021.11.11
Dan Simmons;Endymion;2590;mese;false;2021.11.11
Borisz Sztugackij;1000000000 years before the end;5290;mese;false;2021.11.11
George Martin;Nightflyers;2990;mese;false;2021.11.11
Cixin Liu;The Threebody Problem;2990;mese;false;2021.11.11
Arkagyij Sztugackij;Hotel to the Dead Alpinist;3990;regény;false;2021.11.11
Cixin Liu;The Death's End;2590;külföldi;false;2021.12.12.
Ken Liu;The Paper Menagerie and Other Stories;4590;mese;false;2021.11.11
Ken Liu;The Paper Menagerie and Other Stories;2890;mese;false;2021.11.11
Borisz Sztugackij;STALKER;3590;mese;false;2021.11.11
Ken Liu;Invisible Planets;1790;mese;false;2021.11.11
Dan Simmons;Hyperion;2590;mese;false;2021.11.11
Dan Simmons;Hyperion;3990;mese;false;2021.11.11
Cixin Liu;The Dark Forest;3990;mese;false;2021.11.11
Dan Simmons;The Fall of Hyperion;4590;külföldi;false;2021.11.11
Frank Herbert;Dune;4390;mese;false;2021.11.11
Dan Simmons;Rise of Endymion;2590;mese;false;2021.11.11
Richard A. Knaak;Deathwing;2890;mese;false;2021.11.11
Ken Liu;The Gods Cannot be Killed;3490;mese;false;2021.11.11
Dan Simmons;Endymion;2590;mese;false;2021.11.11
Borisz Sztugackij;1000000000 years before the end;5290;mese;false;2021.11.11
George Martin;Nightflyers;2990;mese;false;2021.11.11
Cixin Liu;The Threebody Problem;2990;mese;false;2021.11.11
Arkagyij Sztugackij;Hotel to the Dead Alpinist;3990;regény;false;2021.11.11
Cixin Liu;The Death's End;2590;külföldi;false;2021.12.12.
Ken Liu;The Paper Menagerie and Other Stories;4590;mese;false;2021.11.11
Ken Liu;The Paper Menagerie and Other Stories;2890;mese;false;2021.11.11
Borisz Sztugackij;STALKER;3590;mese;false;2021.11.11
Ken Liu;Invisible Planets;1790;mese;false;2021.11.11
Dan Simmons;Hyperion;2590;mese;false;2021.11.11
Dan Simmons;Hyperion;3990;mese;false;2021.11.11
Cixin Liu;The Dark Forest;3990;mese;false;2021.11.11
Dan Simmons;The Fall of Hyperion;4590;külföldi;false;2021.11.11
Frank Herbert;Dune;4390;mese;false;2021.11.11
Dan Simmons;Rise of Endymion;2590;mese;false;2021.11.11
Richard A. Knaak;Deathwing;2890;mese;false;2021.11.11
Ken Liu;The Gods Cannot be Killed;3490;mese;false;2021.11.11
Dan Simmons;Endymion;2590;mese;false;2021.11.11
Borisz Sztugackij;1000000000 years before the end;5290;mese;false;2021.11.11
George Martin;Nightflyers;2990;mese;false;2021.11.11
Cixin Liu;The Threebody Problem;2990;mese;false;2021.11.11
Arkagyij Sztugackij;Hotel to the Dead Alpinist;3990;regény;false;2021.11.11
Cixin Liu;The Death's End;2590;külföldi;false;2021.12.12.
Ken Liu;The Paper Menagerie and Other Stories;4590;mese;false;2021.11.11
Ken Liu;The Paper Menagerie and Other Stories;2890;mese;false;2021.11.11
Borisz Sztugackij;STALKER;3590;mese;false;2021.11.11
Ken Liu;Invisible Planets;1790;mese;false;2021.11.11
Dan Simmons;Hyperion;2590;mese;false;2021.11.11
Dan Simmons;Hyperion;3990;mese;false;2021.11.11
Cixin Liu;The Dark Forest;3990;mese;false;2021.11.11
Dan Simmons;The Fall of Hyperion;4590;külföldi;false;2021.11.11
Frank Herbert;Dune;4390;mese;false;2021.11.11
Dan Simmons;Rise of Endymion;2590;mese;false;2021.11.11
Richard A. Knaak;Deathwing;2890;mese;false;2021.11.11
Ken Liu;The Gods Cannot be Killed;3490;mese;false;2021.11.11
Dan Simmons;Endymion;2590;mese;false;2021.11.11
Borisz Sztugackij;1000000000 years before the end;5290;mese;false;2021.11.11
George Martin;Nightflyers;2990;mese;false;2021.11.11
Cixin Liu;The Threebody Problem;2990;mese;false;2021.11.11
Arkagyij Sztugackij;Hotel to the Dead Alpinist;3990;regény;false;2021.11.11
Cixin Liu;The Death's End;2590;külföldi;false;2021.12.12.
Ken Liu;The Paper Menagerie and Other Stories;4590;mese;false;2021.11.11
Ken Liu;The Paper Menagerie and Other Stories;2890;mese;false;2021.11.11
Borisz Sztugackij;STALKER;3590;mese;false;2021.11.11
Ken Liu;Invisible Planets;1790;mese;false;2021.11.11
Dan Simmons;Hyperion;2590;mese;false;2021.11.11
Dan Simmons;Hyperion;3990;mese;false;2021.11.11
Cixin Liu;The Dark Forest;3990;mese;false;2021.11.11
Dan Simmons;The Fall of Hyperion;4590;külföldi;false;2021.11.11
Frank Herbert;Dune;4390;mese;false;2021.11.11
Dan Simmons;Rise of Endymion;2590;mese;false;2021.11.11
Richard A. Knaak;Deathwing;2890;mese;false;2021.11.11
Ken Liu;The Gods Cannot be Killed;3490;mese;false;2021.11.11
Dan Simmons;Endymion;2590;mese;false;2021.11.11
Borisz Sztugackij;1000000000 years before the end;5290;mese;false;2021.11.11
George Martin;Nightflyers;2990;mese;false;2021.11.11
Cixin Liu;The Threebody Problem;2990;mese;false;2021.11.11
Arkagyij Sztugackij;Hotel to the Dead Alpinist;3990;regény;false;2021.11.11
Cixin Liu;The Death's End;2590;külföldi;false;2021.12.12.
Ken Liu;The Paper Menagerie and Other Stories;4590;mese;false;2021.11.11
Ken Liu;The Paper Menagerie and Other Stories;2890;mese;false;2021.11.11
Borisz Sztugackij;STALKER;3590;mese;false;2021.11.11
Ken Liu;Invisible Planets;1790;mese;false;2021.11.11
Dan Simmons;Hyperion;2590;mese;false;2021.11.11
Dan Simmons;Hyperion;3990;mese;false;2021.11.11
Cixin Liu;The Dark Forest;3990;mese;false;2021.11.11
Dan Simmons;The Fall of Hyperion;4590;külföldi;false;2021.11.11
Frank Herbert;Dune;4390;mese;false;2021.11.11
Dan Simmons;Rise of Endymion;2590;mese;false;2021.11.11
Richard A. Knaak;Deathwing;2890;mese;false;2021.11.11
Ken Liu;The Gods Cannot be Killed;3490;mese;false;2021.11.11
Dan Simmons;Endymion;2590;mese;false;2021.11.11
Borisz Sztugackij;1000000000 years before the end;5290;mese;false;2021.11.11
George Martin;Nightflyers;2990;mese;false;2021.11.11
